<?xml version="1.0" encoding="UTF-8"?>

<beans xmlns="http://www.springframework.org/schema/beans"

       xmlns:xsi="http://www.w3.org/2001/XMLSchema-instance"

       xmlns:context="http://www.springframework.org/schema/context"

       xmlns:mvc="http://www.springframework.org/schema/mvc"

       xsi:schemaLocation="

           http://www.springframework.org/schema/beans

           http://www.springframework.org/schema/beans/spring-beans.xsd

           http://www.springframework.org/schema/context

           http://www.springframework.org/schema/context/spring-context.xsd

           http://www.springframework.org/schema/mvc

           http://www.springframework.org/schema/mvc/spring-mvc.xsd

           http://www.springframework.org/schema/tx

           http://www.springframework.org/schema/tx/spring-tx.xsd">

           

    <!-- Enable annotation-driven controllers, validation, etc. -->

    <mvc:annotation-driven />



    <!-- Scan the specified base package for Spring components -->

    <context:component-scan base-package="orm" />



    <!-- Define the view resolver -->

    <bean class="org.springframework.web.servlet.view.InternalResourceViewResolver">

        <property name="prefix" value="/WEB-INF/views/" />

        <property name="suffix" value=".jsp" />

    </bean>



  <!-- JPA EntityManagerFactory -->

    <bean id="entityManagerFactory" class="org.springframework.orm.jpa.LocalContainerEntityManagerFactoryBean">

        <property name="persistenceUnitName" value="postgresPersistUnit" />

        <property name="dataSource" ref="dataSource" />
        <property name="packagesToScan" value="orm"></property>

        <property name="jpaVendorAdapter">

            <bean class="org.springframework.orm.jpa.vendor.HibernateJpaVendorAdapter">

                <property name="showSql" value="true" />

                <property name="generateDdl" value="true" />

                <property name="databasePlatform" value="org.hibernate.dialect.PostgreSQLDialect" />

            </bean>

        </property>

    </bean>



    <!-- DataSource -->

    <bean id="dataSource" class="org.springframework.jdbc.datasource.DriverManagerDataSource">

        <property name="driverClassName" value="org.postgresql.Driver" />

        <property name="url" value="jdbc:postgresql://192.168.110.48:5432/plf_training" />

        <property name="username" value="plf_training_admin" />

        <property name="password" value="pff123" />

    </bean>



    <!-- Transaction Manager -->

    <bean id="transactionManager" class="org.springframework.orm.jpa.JpaTransactionManager">

        <property name="entityManagerFactory" ref="entityManagerFactory" />

    </bean>
 <bean class="org.springframework.web.servlet.view.InternalResourceViewResolver">
        <property name="prefix" value="/WEB-INF/views/"/>
        <property name="suffix" value=".jsp"/>
    </bean>




</beans>